model,rmse,mae,mape,smape
Prophet,1377300.6272270586,1105197.331877421,23.435817734753584,27.793165628270334
ARIMA,1855312.4801336278,1285769.2928840749,17.454958143983625,19.84633529621227
