week,weekly_forecast_sales
31,6924409.347472323
32,46746499.885572664
33,46664851.20938893
34,46282749.52393453
35,45515262.80031621
36,8816095.95250637
